t_s,speed_kmh
0,0
4,0
34,40
64,43
94,72
124,83
126,83
222,83
244,109
256,109
274,104
304,96
306,96
438,104
454,111
484,109
514,90
544,90
548,90
553,90
558,90
563,90
568,88
573,88
574,88
578,88
583,88
588,88
593,88
598,90
603,90
604,90
608,90
613,90
618,90
623,90
624,90
677,90
694,96
724,111
748,115
754,115
784,114
814,111
844,109
874,96
904,96
934,93
964,91
994,99
1024,93
1054,101
1084,115
1114,114
1144,138
1174,128
1204,131
1234,112
1264,115
1294,120
1324,96
1354,91
1384,0
1414,53
1444,59
1474,33
1504,49
1534,3
1564,35
1594,69
1624,19
1654,30
1658,30
